timestep,fps,ep_len_min,ep_len_mean,ep_len_max,ep_len_std,return_min,return_mean,return_max,return_std,disc_return_mean,total_loss,value_loss,actor_loss,entropy,min_return_rate,max_return_rate
8192,87.47304949843779,1.0,2.7995186,45.0,2.9392123,-2.0,0.03370014,2.0,1.0455081,0.028283944,0.27119434,0.2740243,-0.0028299913,1.6090539,0.02579092159559835,0.028541953232462173
16384,695.8792147012125,1.0,2.862069,64.0,3.191735,-2.0,0.004551024,2.0,1.0387117,0.0016966863,0.2249712,0.23395805,-0.008986864,1.6070905,0.02363031682128479,0.026605986346928057
24576,678.5150267242366,1.0,2.8613281,64.0,3.1598926,-2.0,0.026977539,2.0,1.0414411,0.022589797,0.19245642,0.21956733,-0.027110899,1.5977489,0.025634765625,0.0269775390625
32768,675.5743481129783,1.0,2.9136963,64.0,3.2281413,-2.0,0.053588867,2.0,1.0399418,0.05184061,0.15769297,0.19189113,-0.034198165,1.5743428,0.0242919921875,0.0272216796875
40960,690.248176804841,1.0,2.925293,68.0,3.3059392,-2.0,0.14807129,2.0,1.0325152,0.1390008,0.13610858,0.17458239,-0.038473822,1.5223467,0.0213623046875,0.03125
49152,667.9563941681909,1.0,2.9943848,68.0,3.513224,-2.0,0.256958,2.0,1.0139471,0.24221162,0.11794298,0.1560075,-0.0380645,1.4528073,0.0140380859375,0.0401611328125
57344,673.5980558824025,1.0,3.0646973,100.0,4.0234256,-2.0,0.37072754,2.0,0.9814627,0.35078448,0.098513916,0.13380738,-0.03529346,1.3687675,0.0101318359375,0.046875
65536,669.6676366656659,1.0,3.147461,100.0,4.597334,-2.0,0.48815918,2.0,0.93246377,0.46514305,0.080342256,0.11224744,-0.031905178,1.2837464,0.0059814453125,0.0545654296875
73728,665.9508938879217,1.0,3.347046,100.0,5.6961036,-2.0,0.58032227,2.0,0.87744826,0.5543675,0.05916451,0.082552955,-0.023388447,1.218123,0.004150390625,0.0552978515625
81920,672.5851551065408,1.0,3.5509033,100.0,7.2573266,-2.0,0.6828613,2.0,0.8032887,0.6507341,0.04770187,0.064158365,-0.016456496,1.1509181,0.001708984375,0.0594482421875
90112,663.9936345792585,1.0,3.8728027,100.0,8.798203,-2.0,0.7553711,2.0,0.7468818,0.7193718,0.037543077,0.04685195,-0.009308873,1.0991778,0.0010986328125,0.064697265625
98304,684.3796537797355,1.0,4.310547,100.0,10.598325,-2.0,0.79455566,2.0,0.70010096,0.7570195,0.031285435,0.03607099,-0.0047855545,1.0433791,0.0003662109375,0.0633544921875
106496,690.2062337868849,1.0,4.7683105,100.0,12.436304,-2.0,0.83032227,2.0,0.65923315,0.78883827,0.030182537,0.027971648,0.0022108853,1.0072169,0.0001220703125,0.0650634765625
114688,697.006726206695,1.0,5.1918945,100.0,14.011185,-2.0,0.85961914,2.0,0.6209401,0.8145069,0.02830381,0.025418228,0.0028855847,0.9780977,0.0001220703125,0.066162109375
122880,674.8596953456658,1.0,5.7335205,100.0,15.723243,-1.0,0.87646484,2.0,0.5983561,0.82667524,0.026315792,0.01936623,0.0069495603,0.94987893,0.0567626953125,0.068115234375
131072,669.9878447368174,1.0,6.250122,100.0,17.075289,-1.0,0.8874512,2.0,0.57327247,0.8336865,0.029725004,0.019373339,0.010351665,0.8984917,0.0482177734375,0.066162109375
139264,677.6665319606814,1.0,6.8616943,100.0,18.614923,-1.0,0.8952637,2.0,0.557939,0.839612,0.024162406,0.016195249,0.007967156,0.81399083,0.042236328125,0.0665283203125
147456,694.3730010201056,1.0,7.4484863,100.0,19.947397,-1.0,0.89538574,2.0,0.54791707,0.8387455,0.020064231,0.014180265,0.005883967,0.8759644,0.038330078125,0.06494140625
155648,677.6870618495925,1.0,8.00061,100.0,21.175325,-1.0,0.8979492,2.0,0.53522015,0.83865535,0.0219207,0.013702841,0.008217857,0.78520405,0.033447265625,0.06396484375
163840,671.2702762970277,1.0,8.436035,100.0,22.146902,-1.0,0.9086914,2.0,0.52427644,0.8460429,0.02224978,0.01694836,0.005301419,0.8754397,0.0286865234375,0.0672607421875
172032,674.8623861053026,1.0,8.765747,100.0,22.88316,-1.0,0.9168701,2.0,0.509958,0.8526138,0.02118114,0.017431377,0.0037497636,0.8283781,0.0235595703125,0.068359375
180224,673.843369603353,1.0,9.176514,100.0,23.643957,-1.0,0.9185791,2.0,0.5030052,0.8512866,0.019444149,0.013720697,0.005723451,0.85459304,0.0208740234375,0.0682373046875
188416,674.9144691233806,1.0,9.609375,100.0,24.487215,-1.0,0.9180908,2.0,0.49780264,0.85005367,0.022161575,0.014511042,0.0076505314,0.8070226,0.0185546875,0.0677490234375
196608,677.6586598267062,1.0,9.982544,100.0,25.120901,-1.0,0.9205322,2.0,0.49500272,0.8513765,0.021818228,0.015732132,0.006086096,0.7170729,0.0164794921875,0.0694580078125
204800,683.5352699027003,1.0,10.0460205,100.0,25.265419,-1.0,0.92211914,2.0,0.48842955,0.8524102,0.02485187,0.01540384,0.009448031,0.7226405,0.0147705078125,0.068603515625
212992,676.41752863147,1.0,10.401978,100.0,25.89232,-1.0,0.9222412,2.0,0.48481175,0.8519608,0.018075895,0.012062921,0.0060129743,0.78125596,0.01318359375,0.0684814453125
221184,685.0442353935983,1.0,10.595947,100.0,26.264761,-1.0,0.92614746,2.0,0.48290086,0.8560352,0.021207381,0.014917459,0.0062899203,0.7249407,0.0115966796875,0.07080078125
229376,674.8900902477915,1.0,10.7734375,100.0,26.526806,-1.0,0.92492676,2.0,0.48017713,0.8541043,0.019347731,0.011948581,0.0073991492,0.7181358,0.010986328125,0.069580078125
237568,671.8419033684153,1.0,10.791382,100.0,26.582045,-1.0,0.9279785,2.0,0.4769475,0.85692996,0.019479802,0.014345084,0.0051347185,0.7614689,0.0101318359375,0.0701904296875
245760,680.3639136667855,1.0,10.881958,100.0,26.7565,-1.0,0.9296875,2.0,0.47231716,0.8573841,0.020111028,0.013102073,0.007008954,0.7614844,0.0089111328125,0.0699462890625
253952,681.734334400499,1.0,11.13623,100.0,27.13638,-1.0,0.92614746,2.0,0.47216454,0.8539126,0.016802944,0.013472528,0.0033304167,0.73149663,0.008544921875,0.0687255859375
262144,668.4403888453959,1.0,11.2126465,100.0,27.30734,-1.0,0.9268799,2.0,0.4657719,0.85364485,0.018755313,0.015706439,0.0030488763,0.72344375,0.0072021484375,0.0673828125
270336,670.1050906356215,1.0,11.1328125,100.0,27.249697,-1.0,0.9279785,2.0,0.46265662,0.8567916,0.02136974,0.013308104,0.008061636,0.74812317,0.007080078125,0.0665283203125
278528,673.8072020144871,1.0,11.262695,100.0,27.430658,-1.0,0.9281006,2.0,0.45643342,0.85628104,0.018092617,0.0127018085,0.00539081,0.75510037,0.006103515625,0.064697265625
286720,666.7358575583671,1.0,11.374878,100.0,27.606306,-1.0,0.92785645,2.0,0.4534432,0.8558683,0.017258015,0.012384921,0.004873093,0.74797404,0.005615234375,0.063720703125
294912,678.1634878695346,1.0,11.590088,100.0,27.964926,-1.0,0.9279785,2.0,0.45170942,0.85638523,0.015959699,0.012270359,0.0036893399,0.7037803,0.0052490234375,0.0633544921875
303104,674.4093420301658,1.0,11.5859375,100.0,28.005001,-1.0,0.9276123,2.0,0.45582092,0.8577285,0.018957127,0.013896461,0.0050606644,0.6873677,0.0054931640625,0.0648193359375
311296,671.2108737927196,1.0,11.694824,100.0,28.135475,-1.0,0.9265137,2.0,0.45416918,0.8559716,0.017187843,0.0121021215,0.0050857225,0.687733,0.0052490234375,0.0638427734375
319488,669.2504625625238,1.0,11.758057,100.0,28.26835,-1.0,0.9238281,2.0,0.45506975,0.8557486,0.0149543565,0.011539343,0.0034150132,0.7004178,0.0054931640625,0.0628662109375
327680,675.7025800471769,1.0,11.79126,100.0,28.343529,-1.0,0.9223633,2.0,0.4582979,0.85490453,0.016764479,0.012206963,0.004557513,0.69462717,0.0059814453125,0.063232421875
335872,673.6058471628451,1.0,11.978149,100.0,28.618023,-1.0,0.9211426,2.0,0.45835584,0.8535418,0.017755602,0.011591941,0.0061636614,0.6570856,0.0057373046875,0.06298828125
344064,679.050171695665,1.0,12.128906,100.0,28.810053,-1.0,0.92041016,2.0,0.45822924,0.85310864,0.014569406,0.010538665,0.0040307418,0.64539397,0.0054931640625,0.0628662109375
352256,677.2348237980631,1.0,12.216064,100.0,28.917936,-1.0,0.92077637,2.0,0.45922402,0.8525382,0.016717961,0.012655068,0.004062894,0.6315823,0.005615234375,0.0633544921875
360448,672.4922442714762,1.0,12.4140625,100.0,29.232693,-1.0,0.9189453,2.0,0.4577058,0.85177743,0.013487693,0.010435969,0.0030517236,0.6626461,0.0050048828125,0.0625
368640,651.5409357791916,1.0,12.692749,100.0,29.615112,-1.0,0.9169922,2.0,0.4597515,0.8497689,0.013551627,0.011925238,0.001626389,0.6964365,0.005126953125,0.0625
376832,699.9295088209309,1.0,12.87915,100.0,29.836853,-1.0,0.91711426,2.0,0.4617605,0.8496102,0.018624159,0.012197948,0.00642621,0.57369494,0.0048828125,0.063720703125
385024,692.2438695405322,1.0,13.030884,100.0,30.032682,-1.0,0.9172363,2.0,0.46586168,0.8501922,0.016416494,0.012011984,0.0044045085,0.6220341,0.0048828125,0.065673828125
393216,693.1058792649584,1.0,12.951904,100.0,29.953642,-1.0,0.9169922,2.0,0.46529385,0.84985447,0.016383909,0.013159479,0.0032244287,0.64934826,0.004638671875,0.0655517578125
401408,696.8720059069884,1.0,12.800659,100.0,29.752295,-1.0,0.9168701,2.0,0.46250904,0.8505801,0.018337196,0.014849948,0.0034872466,0.6416401,0.00439453125,0.064453125
409600,689.4702259466918,1.0,12.881348,100.0,29.85926,-1.0,0.91748047,2.0,0.4640673,0.85222936,0.019125452,0.014588667,0.004536786,0.7082931,0.0042724609375,0.0655517578125
417792,691.8211552989846,1.0,12.706909,100.0,29.674646,-1.0,0.9193115,2.0,0.46162093,0.85516346,0.01982929,0.012810399,0.00701889,0.65707505,0.0042724609375,0.065185546875
425984,689.6378231412343,1.0,12.591553,100.0,29.552078,-1.0,0.9213867,2.0,0.4565299,0.8571148,0.017423272,0.014521393,0.0029018796,0.68929327,0.00341796875,0.0645751953125
434176,688.6358756569874,1.0,12.469971,100.0,29.405197,-1.0,0.92407227,2.0,0.45537865,0.86022425,0.014303276,0.012706186,0.0015970903,0.6748561,0.0030517578125,0.0655517578125
442368,695.2451218652977,1.0,12.088013,100.0,28.981163,-1.0,0.9309082,2.0,0.45378372,0.8682471,0.018864563,0.015707191,0.003157374,0.66998374,0.002685546875,0.068115234375
450560,694.0285472112575,1.0,12.147949,100.0,29.073748,-1.0,0.93066406,2.0,0.4526691,0.86815035,0.018053615,0.012167338,0.005886277,0.7022902,0.0023193359375,0.06787109375
458752,686.4593497294478,1.0,12.031372,100.0,28.94226,-1.0,0.93237305,2.0,0.45373538,0.8703536,0.016581628,0.012844723,0.0037369041,0.6322646,0.0023193359375,0.069091796875
466944,683.0458512331904,1.0,11.871216,100.0,28.727034,-1.0,0.93359375,2.0,0.45175913,0.8720127,0.020980492,0.015019905,0.0059605883,0.6586704,0.001953125,0.069091796875
475136,671.0075424477994,1.0,11.630981,100.0,28.426048,-1.0,0.93603516,2.0,0.45157093,0.8747982,0.01854782,0.014536035,0.0040117833,0.6545012,0.0020751953125,0.0699462890625
483328,675.2944184820764,1.0,11.797974,100.0,28.68861,-1.0,0.93518066,2.0,0.45158428,0.87418735,0.017974831,0.011761104,0.0062137293,0.6976129,0.0018310546875,0.06982421875
491520,677.7901043232646,1.0,11.848267,100.0,28.7845,-1.0,0.9371338,2.0,0.45320904,0.8767524,0.014928194,0.012957502,0.001970693,0.63386285,0.0020751953125,0.0711669921875
499712,671.379824773221,1.0,11.90625,100.0,28.870459,-1.0,0.93688965,2.0,0.45182627,0.876245,0.01883244,0.01422964,0.0046027987,0.6283422,0.001953125,0.070556640625
507904,657.8972350566772,1.0,11.925781,100.0,28.867483,-1.0,0.9362793,2.0,0.44835004,0.874684,0.016848827,0.012355256,0.004493571,0.66946983,0.0018310546875,0.06884765625
516096,663.7112432323779,1.0,12.038696,100.0,29.04388,-1.0,0.9350586,2.0,0.45170185,0.87327516,0.015074266,0.012448503,0.0026257643,0.6683302,0.0018310546875,0.06982421875
524288,669.425209876435,1.0,12.237671,100.0,29.345514,-1.0,0.93188477,2.0,0.45177487,0.87065244,0.016323222,0.011389661,0.004933561,0.6985458,0.001953125,0.068359375
532480,698.3560189590876,1.0,12.237793,100.0,29.365652,-1.0,0.9316406,2.0,0.45227814,0.8707945,0.016198566,0.012605999,0.0035925668,0.7092198,0.0020751953125,0.068359375
540672,695.2334176563196,1.0,12.434814,100.0,29.638287,-1.0,0.9293213,2.0,0.45608905,0.869575,0.016808996,0.013335949,0.0034730479,0.6661864,0.0023193359375,0.06884765625
548864,686.4653841600223,1.0,12.360962,100.0,29.546206,-1.0,0.9293213,2.0,0.45582134,0.8705977,0.017068477,0.014102296,0.002966181,0.67128646,0.00244140625,0.068603515625
557056,697.3254274915458,1.0,12.160278,100.0,29.236778,-1.0,0.930542,2.0,0.45278522,0.8711482,0.01619004,0.013150569,0.0030394734,0.71180564,0.0025634765625,0.067626953125
565248,700.578578488734,1.0,12.257935,100.0,29.322521,-1.0,0.92993164,2.0,0.45255628,0.86940026,0.015918005,0.013263219,0.0026547872,0.6736751,0.002685546875,0.067138671875
573440,693.5213464912316,1.0,12.216064,100.0,29.318146,-1.0,0.930542,2.0,0.44790617,0.8701095,0.016322691,0.013024518,0.003298172,0.68927,0.0023193359375,0.065673828125
581632,694.6510826156886,1.0,12.249512,100.0,29.386509,-1.0,0.9279785,2.0,0.4468186,0.86840373,0.015813787,0.011946417,0.0038673675,0.63442755,0.00244140625,0.06396484375
589824,660.813036009565,1.0,12.167358,100.0,29.26131,-1.0,0.9291992,2.0,0.44728667,0.86960405,0.019860601,0.01433931,0.00552129,0.678983,0.002685546875,0.064453125
598016,680.8592090139153,1.0,12.238037,100.0,29.378416,-1.0,0.93115234,2.0,0.44622576,0.87186086,0.014231629,0.012258252,0.0019733761,0.6589051,0.002197265625,0.0653076171875
606208,673.5717517382243,1.0,12.3984375,100.0,29.659683,-1.0,0.92858887,2.0,0.44814402,0.8712102,0.016245479,0.012694269,0.00355121,0.64743865,0.0023193359375,0.06494140625
614400,662.8890903637765,1.0,12.353027,100.0,29.565586,-1.0,0.9310303,2.0,0.44825402,0.8732401,0.014359906,0.011503549,0.0028563575,0.63552654,0.00244140625,0.06591796875
622592,670.8137504824439,1.0,12.2178955,100.0,29.382362,-1.0,0.9354248,2.0,0.4480916,0.877567,0.018563926,0.015324557,0.00323937,0.6580199,0.0020751953125,0.068115234375
630784,693.3211751261911,1.0,12.205933,100.0,29.344702,-1.0,0.93640137,2.0,0.4474135,0.87766266,0.016009334,0.012087658,0.0039216755,0.6697077,0.0020751953125,0.0682373046875
638976,695.8465757597083,1.0,12.179199,100.0,29.364525,-1.0,0.9366455,2.0,0.44251025,0.8785926,0.017698947,0.012852708,0.004846239,0.60984325,0.001708984375,0.0665283203125
647168,700.6767979266987,1.0,12.119385,100.0,29.31354,-1.0,0.9382324,2.0,0.44232073,0.8801043,0.016722301,0.014905182,0.0018171212,0.629128,0.0015869140625,0.0672607421875
655360,685.5841792943182,1.0,12.198608,100.0,29.484892,-1.0,0.9383545,2.0,0.44137084,0.88071734,0.016672928,0.012777263,0.003895663,0.6785804,0.00146484375,0.0670166015625
663552,682.7442579498982,1.0,12.418335,100.0,29.805061,-1.0,0.93640137,2.0,0.4441274,0.87987286,0.01498166,0.012835763,0.0021458971,0.608062,0.001220703125,0.067626953125
671744,676.1693527449468,1.0,12.240723,100.0,29.58201,-1.0,0.9359131,2.0,0.446251,0.88020724,0.020685777,0.015529919,0.005155856,0.6260695,0.00146484375,0.068115234375
679936,666.8780216660537,1.0,12.2561035,100.0,29.597778,-1.0,0.93774414,2.0,0.4485558,0.8819008,0.017260142,0.01271873,0.004541409,0.6357286,0.0013427734375,0.070068359375
688128,671.4383912088582,1.0,12.473267,100.0,29.864847,-1.0,0.9349365,2.0,0.45019543,0.8790739,0.016382538,0.011830923,0.0045516165,0.6170944,0.0013427734375,0.069580078125
696320,670.2063238466297,1.0,12.4157715,100.0,29.804508,-1.0,0.9346924,2.0,0.44880214,0.87881434,0.017601661,0.013760114,0.0038415473,0.6509956,0.001220703125,0.0689697265625
704512,668.7098093391836,1.0,12.302856,100.0,29.609861,-1.0,0.9362793,2.0,0.4475325,0.8783776,0.016663961,0.013854241,0.0028097206,0.6559713,0.0013427734375,0.0689697265625
712704,691.0684131361521,1.0,12.277466,100.0,29.619053,-1.0,0.9375,2.0,0.44852188,0.88057256,0.015757604,0.013343264,0.0024143397,0.6524429,0.001220703125,0.070068359375
720896,687.3302264010191,1.0,12.121338,100.0,29.39731,-1.0,0.93847656,2.0,0.44647494,0.8815137,0.016440671,0.013486216,0.0029544546,0.621035,0.001220703125,0.069580078125
729088,700.1507346350843,1.0,12.195679,100.0,29.465843,-1.0,0.9390869,2.0,0.4466953,0.8810879,0.019265682,0.0135907475,0.005674935,0.6695242,0.0013427734375,0.06982421875
737280,692.2862279607107,1.0,12.30957,100.0,29.578901,-1.0,0.93847656,2.0,0.44702142,0.8794915,0.01554402,0.011709786,0.0038342348,0.5911596,0.0013427734375,0.0697021484375
745472,683.6874099258358,1.0,12.366699,100.0,29.658482,-1.0,0.9355469,2.0,0.44742766,0.8778995,0.016498065,0.01244062,0.0040574446,0.64813036,0.00146484375,0.0684814453125
753664,667.087483151593,1.0,12.628296,100.0,29.965002,-1.0,0.93200684,2.0,0.45192838,0.87492365,0.017288284,0.011240318,0.006047966,0.59658474,0.001953125,0.0684814453125
761856,671.6583689641428,1.0,12.406372,100.0,29.603056,-1.0,0.9342041,2.0,0.44791403,0.8753752,0.01662568,0.013340501,0.0032851784,0.58556116,0.001953125,0.067626953125
770048,671.2069008877521,1.0,12.508545,100.0,29.749413,-1.0,0.9342041,2.0,0.44845876,0.8757903,0.015326308,0.010191651,0.005134659,0.69770133,0.0020751953125,0.0677490234375
778240,679.4190876692604,1.0,12.890747,100.0,30.238058,-1.0,0.93029785,2.0,0.4513976,0.8718283,0.015375268,0.01210371,0.003271559,0.6053,0.002197265625,0.0672607421875
786432,680.5127177129956,1.0,12.821289,100.0,30.144623,-1.0,0.932251,2.0,0.44925603,0.8731709,0.01624325,0.013808478,0.002434773,0.60376805,0.002197265625,0.067138671875
794624,684.0549142602506,1.0,12.7647705,100.0,30.096748,-1.0,0.93481445,2.0,0.45004213,0.8765106,0.01558671,0.012879919,0.0027067899,0.66531765,0.00244140625,0.068359375
802816,698.8035433921053,1.0,12.63562,100.0,29.949545,-1.0,0.93652344,2.0,0.4481124,0.8789641,0.017315315,0.014308822,0.0030064925,0.64096534,0.0023193359375,0.068359375
811008,696.981418001236,1.0,12.748535,100.0,30.096241,-1.0,0.93395996,2.0,0.44787806,0.8768581,0.01744275,0.013362637,0.0040801126,0.65680605,0.0020751953125,0.0673828125
819200,667.5740841026571,1.0,12.682983,100.0,30.045034,-1.0,0.9359131,2.0,0.44979304,0.879454,0.017750274,0.014863685,0.0028865892,0.6142432,0.0023193359375,0.06884765625
827392,674.8013654815655,1.0,12.85144,100.0,30.238277,-1.0,0.93518066,2.0,0.45212457,0.87811494,0.015009565,0.012825893,0.002183672,0.6090323,0.002197265625,0.0697021484375
835584,672.7291267654917,1.0,12.958618,100.0,30.383846,-1.0,0.9343262,2.0,0.45267585,0.8775395,0.015490884,0.013244834,0.00224605,0.6241,0.0020751953125,0.0697021484375
843776,659.2318276787114,1.0,13.030151,100.0,30.477537,-1.0,0.93359375,2.0,0.4528387,0.87681895,0.014512122,0.011168671,0.0033434508,0.67860746,0.0020751953125,0.0694580078125
851968,690.6811878600801,1.0,13.15271,100.0,30.616034,-1.0,0.9313965,2.0,0.45143065,0.8743975,0.014202848,0.010432622,0.0037702266,0.6045375,0.0020751953125,0.06787109375
860160,695.0355608266641,1.0,13.071899,100.0,30.520302,-1.0,0.93151855,2.0,0.44860104,0.8732792,0.02112599,0.013271362,0.007854628,0.56417334,0.001708984375,0.0670166015625
868352,696.3991727217475,1.0,13.332275,100.0,30.84512,-1.0,0.927124,2.0,0.45089608,0.8700249,0.011555792,0.010469342,0.001086449,0.5456952,0.001708984375,0.066162109375
876544,685.3900257597704,1.0,13.30542,100.0,30.823668,-1.0,0.9277344,2.0,0.4514001,0.8708665,0.015058587,0.01214042,0.0029181684,0.5503175,0.0018310546875,0.0665283203125
884736,684.7836577965714,1.0,13.497192,100.0,31.03953,-1.0,0.9272461,2.0,0.453211,0.86947834,0.011744127,0.00978301,0.0019611162,0.5545928,0.001708984375,0.0672607421875
892928,671.9884745667244,1.0,13.701538,100.0,31.28303,-1.0,0.92614746,2.0,0.453168,0.8680991,0.010402773,0.010912773,-0.0005100003,0.60139704,0.00146484375,0.0670166015625
901120,675.9012815449474,1.0,13.771973,100.0,31.38046,-1.0,0.9239502,2.0,0.45253477,0.8660634,0.01475925,0.011699405,0.0030598457,0.59845066,0.0013427734375,0.06591796875
909312,670.6786352874121,1.0,13.824341,100.0,31.442148,-1.0,0.9206543,2.0,0.45183343,0.8626846,0.016400961,0.012406997,0.0039939624,0.63044965,0.00146484375,0.0640869140625
917504,697.0130181966614,1.0,13.990967,100.0,31.627327,-1.0,0.91845703,2.0,0.45306158,0.86066586,0.015415449,0.012520979,0.0028944698,0.61167777,0.0013427734375,0.0638427734375
925696,682.7861130182966,1.0,13.946533,100.0,31.591707,-1.0,0.9189453,2.0,0.45153,0.8605935,0.016949492,0.014432263,0.002517229,0.55050945,0.0013427734375,0.0633544921875
933888,695.1970695965953,1.0,14.199097,100.0,31.888165,-1.0,0.9161377,2.0,0.45223328,0.8582057,0.012098585,0.0095797125,0.0025188732,0.5443945,0.0009765625,0.0628662109375
942080,693.282075158362,1.0,14.28833,100.0,32.02145,-1.0,0.9136963,2.0,0.4533921,0.8562397,0.015778765,0.013298299,0.0024804662,0.66235876,0.0010986328125,0.062255859375
950272,667.2506066909705,1.0,14.368774,100.0,32.114315,-1.0,0.9112549,2.0,0.45184115,0.85338914,0.015452647,0.011843496,0.0036091486,0.5690437,0.001220703125,0.0604248046875
958464,664.0394462533666,1.0,14.419189,100.0,32.17266,-1.0,0.9099121,2.0,0.45279014,0.852983,0.015887484,0.012727697,0.0031597866,0.5711719,0.0013427734375,0.0601806640625
966656,661.4601190317713,1.0,14.208618,100.0,31.960325,-1.0,0.9141846,2.0,0.45402277,0.8578676,0.016149245,0.0132111935,0.0029380522,0.56189466,0.0010986328125,0.062744140625
974848,693.3667716780925,1.0,14.306763,100.0,32.057404,-1.0,0.91186523,2.0,0.45317435,0.8554034,0.013949731,0.011918357,0.0020313747,0.5321851,0.0010986328125,0.0614013671875
983040,698.7760297171616,1.0,14.352173,100.0,32.11401,-1.0,0.91223145,2.0,0.45499268,0.85586405,0.015225442,0.011796021,0.003429421,0.56130874,0.0010986328125,0.0623779296875
991232,704.1416543782492,1.0,14.353394,100.0,32.121353,-1.0,0.91259766,2.0,0.45626873,0.8568703,0.013688334,0.010409538,0.003278797,0.680856,0.0009765625,0.063232421875
999424,692.6107758438662,1.0,14.538696,100.0,32.319122,-1.0,0.91052246,2.0,0.45733672,0.8543527,0.013233034,0.009546178,0.003686856,0.54737437,0.0009765625,0.0628662109375
